Resource_type,Patient_ID,Name,Gender,Birth_Date,Deceased_DateTime,Marital_Status,Race,Ethnicity,MothersMaidenName,Address,City,State,Country,Communication_Language,Telecom_Phone,Birthplace,Quality_Adjusted_Life_Years
Patient,8c95253e-8ee8-9ae8-6d40-021d702dc78e,Aaron697 Dickens475,male,1944-08-28,1998-08-15T13:05:53+01:00,M,White,Not Hispanic or Latino,Holley125 Champlin946,859 Altenwerth Run Unit 88,Charlton,MA,US,English,555-152-6034,"Barnstable, Massachusetts, US",52.94173528961741
Patient,6fa23508-960e-ff22-c3d0-0519a036543b,Aaron697 Jerde200,male,2001-06-28,,Never Married,White,Not Hispanic or Latino,Heike726 Dickinson688,736 Dare Mission,Boston,MA,US,English,555-455-2751,"Douglas, Massachusetts, US",18.205076132169825
Patient,83524678-9bff-93b7-ef89-d7f5390072ff,Abbey813 Price929,female,1980-06-10,,S,Black or African American,Not Hispanic or Latino,Monika509 Frami345,210 Nitzsche Vale Apt 73,Springfield,MA,US,English,555-106-9705,"Bourne, Massachusetts, US",34.261905754956935
Patient,4e343b0a-8698-b6dd-64c6-c2d2d0959e6e,Beth967 Hansen121,female,1946-05-21,,M,White,Not Hispanic or Latino,Chastity705 Osinski784,606 Reichert Camp,Fall River,MA,US,English,555-675-9219,"Medford, Massachusetts, US",33.29724080999957
Patient,6e4ac285-2a8d-a30d-5ecb-e32cb595a876,Bette450 Anderson154,female,1968-07-07,,M,White,Not Hispanic or Latino,Maire384 Murray856,502 Langosh Neck Unit 20,Dracut,MA,US,English,555-418-5997,"Hanover, Massachusetts, US",51.092966393405646
Patient,1029f880-d3db-f477-9da3-f59c14ed22c6,Bill567 Breitenberg711,male,1998-04-30,,Never Married,White,Not Hispanic or Latino,Berneice173 Spinka232,1029 Johnson Manor,Devens,MA,US,English,555-748-5270,"Lynnfield, Massachusetts, US",21.8621132791302
Patient,a18edb30-e93c-8e9b-8e6a-95a651a24a36,Blanch844 Kuhlman484,female,1943-04-23,,M,White,Not Hispanic or Latino,Regena252 Johnson679,654 Metz Path,Sandwich,MA,US,English,555-418-2098,"Pittsfield, Massachusetts, US",75.37216860486197
Patient,f406a4e8-821b-0c9a-c8ec-09ad0f1fe9c6,Bob965 Mohr916,male,1990-10-27,,M,White,Not Hispanic or Latino,Nanci249 Parisian75,531 Dare Tunnel,Arlington,MA,US,English,555-320-9982,"Hingham, Massachusetts, US",29.991029992876335
Patient,b8c71fe0-e911-205e-19c3-b92e88e5b5a6,Bobbi508 Beer512,female,1941-09-27,,M,White,Not Hispanic or Latino,Vennie613 Mraz590,151 Crist Vista,Tewksbury,MA,US,English,555-640-7436,"Boston, Massachusetts, US",70.82214161782845
Patient,e5b7d947-da2b-9cf4-12a0-9eb2cf735330,Chase54 Crooks415,male,1977-05-12,,M,White,Not Hispanic or Latino,Janay119 Maggio310,818 Will Village,Franklin,MA,US,English,555-326-5395,"Andover, Massachusetts, US",42.27111431556462
Patient,b0478b4f-16f2-af38-d199-44db19304df2,Chase54 Klocko335,male,1976-09-23,,S,White,Not Hispanic or Latino,Terri848 Pagac496,592 Ferry Knoll,Fairhaven,MA,US,English,555-950-7518,"Newton, Massachusetts, US",34.77363892616221
Patient,0f978b87-8054-e6d3-aa03-20e101ea37c0,Chelsie189 Larson43,female,1985-10-31,,M,White,Not Hispanic or Latino,Willette878 Hudson301,610 Skiles Corner,Concord,MA,US,English,555-810-7175,"Mashpee, Massachusetts, US",34.47924242320801
Patient,64cdd7b0-d5a5-ca8a-4b03-3db12d7534be,Cherie102 Reinger292,female,2014-09-29,,Never Married,White,Not Hispanic or Latino,Tobie99 Considine820,1009 O'Connell Avenue Unit 34,Sandwich,MA,US,English,555-131-4483,"Taunton, Massachusetts, US",5.989827013849543
Patient,cced3031-d98c-d870-5dce-f0086d8c7a34,Deedra511 Wilkinson796,female,1967-04-28,,S,Asian,Not Hispanic or Latino,Ashly243 Fahey393,601 Stehr Extension,Saugus,MA,US,Vietnamese,555-419-9987,"Haiphong, Kiến An, VN",49.46169145932825
Patient,7c4e1f8e-29e4-f88f-095a-aa6a9f55e6de,Deena887 Fahey393,female,1937-10-21,2004-09-15T09:22:00+01:00,M,White,Not Hispanic or Latino,Kristi306 Altenwerth646,1073 Mertz Track,Fall River,MA,US,English,555-501-4799,"Yarmouth, Massachusetts, US",51.09301552822218
Patient,91cf58f9-191c-3a49-a979-2ca64e52c369,Delbert384 Farrell962,male,1975-02-20,,M,White,Not Hispanic or Latino,Scott935 Osinski784,103 Monahan Heights Unit 48,Stoughton,MA,US,English,555-326-4619,"Hudson, Massachusetts, US",44.8831172360959
Patient,cf3ce382-cceb-1557-89ac-b751a9e0e65d,Delfina519 Murphy561,female,1951-05-04,,M,White,Not Hispanic or Latino,Verdell500 Skiles927,421 Rau Path Unit 37,Carver,MA,US,English,555-665-1433,"Taunton, Massachusetts, US",65.60347553364741
Patient,1ba50d39-8105-69de-09de-c6d5358b3cb6,Delia459 Beier427,female,1974-03-12,,M,White,Not Hispanic or Latino,Andree11 Stroman228,979 Bednar Village,Arlington,MA,US,English,555-662-1542,"Yarmouth, Massachusetts, US",45.93979991660554
Patient,b0f40536-9dc8-2ea0-0bbf-467a69f5e3ad,Della552 Ratke343,female,1956-11-05,,M,White,Hispanic or Latino,May125 Morissette863,232 Cremin Passage,Waltham,MA,US,English,555-884-9015,"Somerset, Massachusetts, US",60.04328821207886
Patient,6a15a792-ed41-e1f3-b942-3c2bd4a01ad6,Delmar187 Lesch175,male,2010-01-09,,Never Married,White,Not Hispanic or Latino,Lili474 Windler79,122 Mueller Lodge Unit 62,West Yarmouth,MA,US,English,555-871-4223,"Worcester, Massachusetts, US",8.691017387885069
Patient,bdb76eef-1faf-1ed7-d1ff-553d7df26fb3,Eveline832 Volkman526,female,1960-07-07,,S,White,Not Hispanic or Latino,Cicely661 Haley279,918 Murray Corner Suite 5,Lancaster,MA,US,English,555-136-2338,"Boston, Massachusetts, US",58.46808053315924
Patient,8a3247d3-a54c-43f2-2c5d-a8f5e28ff588,Everett935 Littel644,male,1974-10-12,,M,White,Not Hispanic or Latino,Yvonne357 Schmidt332,304 Okuneva Alley Apt 39,Lawrence,MA,US,English,555-136-4712,"Newton, Massachusetts, US",34.931562901215585
Patient,7b3071eb-aacb-0596-d7b5-4abcb83ac2f0,Everette494 Jerde200,male,1978-01-07,,S,White,Not Hispanic or Latino,Mitsue965 Hackett68,282 Balistreri Light,Needham,MA,US,English,555-103-6796,"Amherst, Massachusetts, US",41.450772459380296
Patient,ac00ac90-9af7-5b4f-aca4-8b1b9990fc1a,Evon528 Hayes766,female,2000-10-29,,Never Married,White,Not Hispanic or Latino,Sharita792 Metz686,947 Howe Annex Apt 40,Pocasset,MA,US,English,555-425-6567,"Swansea, Massachusetts, US",19.713748799639248
Patient,6dcdc387-88f9-758d-260c-4235ac7c269f,Genevive999 Crist667,female,1947-10-01,,M,White,Not Hispanic or Latino,Nora0 Dietrich576,714 Heaney Vale Suite 19,Grafton,MA,US,English,555-567-4343,"Uxbridge, Massachusetts, US",55.799567870061544
Patient,839e7cf9-b7d6-da6c-70bb-c151bf5c1c61,Georgann131 Hansen121,female,1985-05-02,,M,White,Not Hispanic or Latino,Annamarie398 Fay398,817 Larkin Annex Unit 50,Forestdale,MA,US,English,555-731-9882,"Brockton, Massachusetts, US",34.97322721393947
Patient,d8cb2b2b-fee1-36de-2e1e-0fda2ed1d991,George991 Kassulke119,male,1913-10-05,2004-01-18T09:05:51+00:00,M,White,Not Hispanic or Latino,Wai719 McCullough561,483 Lubowitz Bridge,Medford,MA,US,English,555-777-8307,"Mansfield Center, Massachusetts, US",86.71179581811766
Patient,e94401de-18ad-e190-9113-ee5ff31b1439,Georgiana151 Jacobi462,female,1956-07-06,,M,White,Not Hispanic or Latino,Sherill945 Abernathy524,211 Wolf Promenade,Lexington,MA,US,English,555-635-6296,"Winchendon, Massachusetts, US",55.404390158174124
Patient,e9200276-eb25-ac87-e3bf-31de7e8d0b1e,Georgianna701 Ledner144,female,2019-12-28,,Never Married,White,Not Hispanic or Latino,Estefana715 Gusikowski974,592 Bailey Green,Falmouth,MA,US,English,555-811-6629,"Springfield, Massachusetts, US",1.0
Patient,0d55a582-07fe-a897-776c-3ab5e48cd457,Gilma310 Hahn503,female,1960-07-10,,S,White,Not Hispanic or Latino,Shaniqua618 Hartmann983,308 Greenfelder Parade Suite 94,Chicopee,MA,US,English,555-571-7714,"Webster, Massachusetts, US",45.16202019269128
Patient,0d7ad451-ac1b-dc0e-48bd-e0a8e1de4f15,Giuseppe872 Haley279,male,1912-05-06,2016-12-19T19:14:50+00:00,M,Black or African American,Not Hispanic or Latino,Yolonda722 McClure239,222 Watsica Fork,Springfield,MA,US,English,555-893-4758,"Rockland, Massachusetts, US",97.73923116865848
Patient,3d496c42-21f9-8e42-aa2b-d021a1b79d46,Glen190 Glover433,male,1974-04-05,,M,White,Not Hispanic or Latino,Rolanda823 Crooks415,642 Mann Estate,Chicopee,MA,US,English,555-232-6974,"Grafton, Massachusetts, US",45.94570177645587
Patient,720d476c-6392-bc86-3640-bf2ee18d071a,Gonzalo160 Bañuelos542,male,1929-10-21,1996-06-30T22:46:48+01:00,M,White,Hispanic or Latino,Carolina179 Garica503,741 Wisoky Route Unit 21,Boston,MA,US,Spanish,555-765-6859,"Santo Domingo, National District, DO",61.88826521386738
Patient,09e292d4-f186-331c-ed95-c503acabc54e,Gus973 Windler79,male,1913-02-23,1934-01-15T13:15:01+00:00,Never Married,White,Not Hispanic or Latino,Julie245 Watsica258,925 Buckridge Run Apt 15,Gardner,MA,US,English,555-425-8155,"Falmouth, Massachusetts, US",19.996044007674104
Patient,35b42dc6-fcb1-4a74-1d90-4213afe5b285,Hank686 Ritchie586,male,2015-03-28,,Never Married,White,Not Hispanic or Latino,Jeanie708 Gislason620,885 Grant Mews,Walpole,MA,US,English,555-356-7633,"Framingham, Massachusetts, US",4.997857262336767
Patient,3635f0e6-d517-43f9-c4b2-61ea16a60fa3,Hans694 Fahey393,male,1967-08-16,,M,White,Not Hispanic or Latino,Leticia253 Hoeger474,199 Kling Course,Mattapoisett,MA,US,English,555-704-6787,"Waltham, Massachusetts, US",52.94670453098033
Patient,9ce2b3c9-0f19-e01b-d789-5cb0609583e6,Hans694 Fritsch593,male,2004-10-07,,Never Married,Black or African American,Not Hispanic or Latino,Vanita165 Kuhic920,539 Rau Divide Suite 36,New Bedford,MA,US,English,555-871-2672,"Revere, Massachusetts, US",15.998869716478316
Patient,e7ffd26a-48e5-f10e-5565-2f4e8b09ee45,Hans694 Littel644,male,1965-07-07,,M,White,Not Hispanic or Latino,Dian810 Yundt842,549 Rippin Avenue Unit 24,Fall River,MA,US,English,555-976-8227,"Reading, Massachusetts, US",54.57421254319568
Patient,a57f2290-27ed-6117-2989-f42ef6d291ab,Harland508 Hintz995,male,1941-03-08,,M,White,Not Hispanic or Latino,Felipa93 Weissnat378,573 Rohan Neck Unit 39,Boston,MA,US,English,555-511-1204,"East Dennis, Massachusetts, US",73.06701217276904
Patient,2d6c10cf-fade-6e45-0064-674792ff5ef1,Harold594 Grimes165,male,1961-12-19,,S,Asian,Not Hispanic or Latino,Carmella421 Swaniawski813,321 Bartell Port Unit 34,Worcester,MA,US,English,555-544-7833,"Norton, Massachusetts, US",32.52084375926352
Patient,4cef483d-6b1b-a284-b8fd-1de7f5aba0a4,James276 Champlin946,female,1936-07-09,,S,White,Not Hispanic or Latino,Tatyana394 Kuhic920,907 Windler Meadow,Fiskdale,MA,US,English,555-781-3576,"Boston, Massachusetts, US",76.86792553345677
Patient,9c02362b-0a48-be5e-7296-e332e383ebd2,Jamey282 Hayes766,male,1983-06-24,,M,White,Not Hispanic or Latino,Ula130 Bernier607,907 Wilkinson Heights Apt 92,Newton,MA,US,English,555-193-6068,"Acton, Massachusetts, US",36.884115332570325
Patient,2a0033b8-bd24-be26-eb24-8d6d9616b74f,Jan231 Tillman293,female,1984-12-04,,M,Asian,Not Hispanic or Latino,Loretta235 Klocko335,477 Runolfsdottir Rest Suite 72,Beverly,MA,US,Chinese,555-776-7787,"Hong Kong, Hong Kong Special Administrative Region, CN",35.094360198285166
Patient,fae4f7e3-622f-290c-068f-6d03e71dd5c9,Jan231 Weber641,male,1997-11-17,,Never Married,White,Not Hispanic or Latino,Maris768 Beer512,796 Kuhn Parade Suite 72,Lawrence,MA,US,English,555-383-8590,"Dartmouth, Massachusetts, US",18.75664771341967
Patient,9ebde11e-7248-e63c-25f9-4b793c3a5065,Jana258 Nikolaus26,female,1997-08-27,,Never Married,White,Not Hispanic or Latino,Brinda322 Glover433,583 Haley Gardens,Medford,MA,US,English,555-264-2183,"Waltham, Massachusetts, US",22.991029992876335
Patient,46b22d89-fe1a-3cf7-7ecb-b16c7390103f,Jane262 Strosin214,female,1998-09-25,,Never Married,Asian,Not Hispanic or Latino,Herta650 Satterfield305,669 Kilback Rapid Apt 75,Stoneham,MA,US,English,555-808-2477,"Taunton, Massachusetts, US",21.98919521943203
Patient,37905eb6-a01d-0e34-a274-27ada76d3ccc,Kayce253 Gislason620,female,1929-11-14,1953-10-24T17:39:14+00:00,Never Married,Black or African American,Not Hispanic or Latino,Rosalyn434 Harris789,404 Howell Crossroad,Sharon,MA,US,English,555-901-2648,"Hopkinton, Massachusetts, US",22.891682421366752
Patient,b0bccf43-3bf5-217c-7315-9e44d106bb6b,Kayce253 Johns824,female,1989-03-10,,M,White,Not Hispanic or Latino,Phebe144 O'Kon634,292 Kub Neck,Tewksbury,MA,US,English,555-127-9713,"Salem, Massachusetts, US",30.964773274670755
Patient,f8e9efe2-62db-29a2-46be-c72bad056ca8,Kazuko67 Dibbert990,female,1964-12-22,,M,White,Not Hispanic or Latino,Rene434 Barton704,792 Daniel Quay Suite 81,Bellingham,MA,US,English,555-546-2848,"Malden, Massachusetts, US",32.525130448277196
Patient,5310622a-3368-34f0-c14a-b992c71e7d59,Kelli207 Crooks415,female,1970-02-05,,M,White,Not Hispanic or Latino,Celena734 Crooks415,859 Raynor Passage,Harwich,MA,US,English,555-916-9447,"Longmeadow, Massachusetts, US",49.90578715798721
Patient,67ae02d5-002b-6bba-1854-642eba13aa0f,Leon728 Roberts511,female,1989-05-30,,M,White,Not Hispanic or Latino,Kimberely738 Rohan584,633 Turcotte Grove Unit 29,Wellesley,MA,US,English,555-957-6483,"Foxborough, Massachusetts, US",30.63572927702036
Patient,10bf6da8-ffa1-6913-a119-726634be754c,Leonardo412 Schuppe920,male,1946-12-13,,M,White,Not Hispanic or Latino,Georgann131 Gaylord332,848 Miller Ville,Taunton,MA,US,English,555-294-9369,"Amherst, Massachusetts, US",73.86027216285976
Patient,718f37a0-cb8f-fb74-03d3-c242033e7a81,Leonora414 Rogahn59,female,2020-08-23,,Never Married,White,Not Hispanic or Latino,Rheba182 Walker122,799 Macejkovic Boulevard,Waltham,MA,US,English,555-641-6943,"Middleborough, Massachusetts, US",0.0
Patient,aad9d04b-bb30-2f47-d5dd-888b3b7bd831,Les282 Fritsch593,male,1967-09-22,1999-06-11T20:03:01+01:00,M,White,Not Hispanic or Latino,Devona405 Kris249,838 Feil Gardens,Tyngsborough,MA,US,English,555-734-3571,"Wellesley, Massachusetts, US",30.91441428390185
Patient,6f1df156-8793-56a0-6df1-570bca4dcc07,Lesley194 Ebert178,male,2020-12-16,,Never Married,White,Not Hispanic or Latino,Faye439 Cummings51,176 D'Amore Glen Apt 83,Pepperell,MA,US,English,555-935-8764,"Milton, Massachusetts, US",0.0
Patient,1d2875d4-f60d-df84-d3e1-12dbafa29bd4,Lesli455 Champlin946,female,1950-01-26,2018-07-07T13:58:43+01:00,M,White,Hispanic or Latino,Darnell564 O'Hara248,176 Feest Junction,Attleboro,MA,US,English,555-959-4512,"Medford, Massachusetts, US",61.74686419123803
Patient,126a7e7a-958b-428b-907d-f2aa4fd7236b,Lesli455 Prohaska837,female,1919-01-18,,M,White,Not Hispanic or Latino,Jessia669 Gulgowski816,421 Schinner Arcade Suite 28,Needham,MA,US,English,555-463-7100,"Boston, Massachusetts, US",93.28095135657344
Patient,a8e9746e-f807-bbb1-bdc1-83ade842694d,Leslie90 Weissnat378,female,1961-12-21,,M,White,Not Hispanic or Latino,Portia383 Grant908,565 Weimann Knoll,Chatham,MA,US,English,555-544-6511,"Wilmington, Massachusetts, US",49.70368564497976
Patient,98ff843c-4be7-b0aa-cc4f-0462d049ecb8,Loyd638 Hackett68,male,2002-04-02,,Never Married,White,Not Hispanic or Latino,Nilsa143 Bayer639,646 Wiegand Divide,Falmouth,MA,US,English,555-584-9981,"Fitchburg, Massachusetts, US",17.975525132318527
Patient,0ae2b985-af6e-485e-f0c5-fe0006c366e3,Loyd638 Russel238,male,1939-06-01,,S,White,Not Hispanic or Latino,Antonetta450 Emard19,917 Morissette Mission,Chelmsford,MA,US,English,555-422-6131,"Boston, Massachusetts, US",68.90141832065588
Patient,0ae69ba4-c609-45cc-f172-d55bac5df41e,Loyd638 Wiza601,male,2010-07-10,,Never Married,White,Not Hispanic or Latino,Robbyn526 O'Conner199,716 Bechtelar Skyway Unit 14,Sterling,MA,US,English,555-166-3716,"Boston, Massachusetts, US",8.212405298414753
Patient,eb3007ac-5147-73e0-b6ad-20bbe8578a08,Luana867 Rath779,female,2006-06-18,,Never Married,Other,Not Hispanic or Latino,Regena252 Bartoletti50,951 Bednar Plaza,Weston,MA,US,English,555-160-1371,"Mansfield, Massachusetts, US",14.0
Patient,d3406315-0e5e-e5e3-da71-b3c9802bd004,Luanne915 Predovic534,female,1981-06-16,,M,Asian,Not Hispanic or Latino,Cathrine584 Nikolaus26,1006 Fahey Esplanade Apt 47,Whitinsville,MA,US,English,555-825-8595,"Franklin, Massachusetts, US",38.18681168157869
Patient,4f0dc4bc-9ada-c8dd-31dc-ffcfbe80e186,Luciano237 Turcotte120,male,1941-12-21,1977-05-22T06:48:35+01:00,M,White,Not Hispanic or Latino,Keshia89 Jacobson885,639 Walker Extension,Boston,MA,US,English,555-688-2298,"Boston, Massachusetts, US",34.72893747041723
Patient,a5ad8c5e-69af-ffe9-4de1-6e099852ff7d,Maria750 Hessel84,male,2002-07-31,,Never Married,White,Not Hispanic or Latino,Soledad678 Wilkinson796,255 Hamill Run Apt 52,Marblehead,MA,US,English,555-719-6702,"Brookline, Massachusetts, US",18.0
Patient,c7eef66d-c5b9-f4da-bf58-550a8077ded6,Marian936 Gleason633,female,1985-06-30,,M,White,Not Hispanic or Latino,Danielle72 Legros616,456 Cronin Landing,Hingham,MA,US,English,555-731-2982,"Boston, Massachusetts, US",34.996911920423436
Patient,f8c09661-fcd1-eeea-d61e-478109235532,Marianna323 Champlin946,female,1988-02-07,,M,White,Not Hispanic or Latino,See995 Dibbert990,320 Prohaska Crossing,Newton,MA,US,English,555-833-4897,"Boston, Massachusetts, US",31.498965201365394
Patient,4878889a-9b4f-22fc-7060-ed9f5c05940c,Mariano761 Patiño436,male,2007-05-31,,Never Married,White,Hispanic or Latino,Margarita164 Delarosa409,385 Bosco Mews Unit 82,Fall River,MA,US,Spanish,555-704-3016,"Gaudalajara, Jalisco, MX",12.99487428164362
Patient,aa4eae2c-733a-35f9-8869-d33a6015db23,María José279 Adorno791,female,1944-08-23,,M,White,Hispanic or Latino,Ana Luisa894 Mascareñas995,379 Langworth Divide,Worcester,MA,US,Spanish,555-802-8500,"San Juan, Puerto Rico, PR",67.86807334316211
Patient,da6120a6-4557-7db3-b44c-43c38568c119,Rubi442 Labadie908,female,1974-06-13,,S,White,Not Hispanic or Latino,Mandy775 Ebert178,481 Durgan Fort Suite 15,Concord,MA,US,English,555-992-6481,"Lakeville, Massachusetts, US",44.19895925577014
Patient,ac56a3df-7399-e895-2a6e-6ae757f3f4a5,Rubin812 Quigley282,male,1996-08-22,,Never Married,Black or African American,Not Hispanic or Latino,Tabatha105 Pfeffer420,493 Nader Loaf,Marblehead,MA,US,English,555-315-1469,"Marblehead, Massachusetts, US",23.896759669794292
Patient,4a627a30-b963-bd1c-58be-0499f24d9670,Russell422 Walker122,male,1959-03-26,,M,White,Not Hispanic or Latino,Blake449 Emard19,1038 Crist Annex,Salem,MA,US,English,555-480-6579,"Malden, Massachusetts, US",60.995310628717306
Patient,c8c2969a-32d7-9694-ce15-378ae4d66413,Ruthie901 Mills423,female,1976-01-01,,M,White,Not Hispanic or Latino,Halina47 Runolfsdottir785,522 Greenholt Rapid,Hudson,MA,US,English,555-626-7922,"Dartmouth, Massachusetts, US",42.266286747395725
Patient,89ba9a77-7aed-6cb8-6795-fb21f0ec237c,Sachiko982 Gulgowski816,female,1954-06-17,,S,Black or African American,Not Hispanic or Latino,Elenora790 Terry864,616 Leffler Gardens,Randolph,MA,US,English,555-202-8080,"Mansfield, Massachusetts, US",55.07843791163862
Patient,15201e77-7e36-0667-73bc-013783e57649,Sandee884 Hodkiewicz467,female,1946-02-17,,M,Asian,Not Hispanic or Latino,Herlinda751 Jones311,350 Frami Trafficway,Sharon,MA,US,Chinese,555-165-4080,"Beijing, Beijing Municipality, CN",65.06102652053455
Patient,f38fe4a9-1634-144c-0147-53c0300c1561,Sandy901 Conn188,male,1969-04-01,,S,White,Not Hispanic or Latino,Gwen761 Jast432,511 Grant Heights,Lincoln,MA,US,English,555-827-4969,"Boston, Massachusetts, US",46.74445614570182
Patient,686e4b2e-1f8d-7018-c335-1604a300121b,Santiago500 Barton704,male,1976-10-22,,S,White,Not Hispanic or Latino,Alaina222 Schamberger479,703 Armstrong Estate,Medway,MA,US,English,555-559-4415,"Concord, Massachusetts, US",43.85057493540219
Patient,37d57af4-d27f-fb97-9b5c-a1090f5a57b7,Zachery872 Wyman904,male,1970-01-04,,M,White,Not Hispanic or Latino,Renee555 Schulist381,461 Wiza Corner Apt 50,Danvers,MA,US,English,555-226-3023,"Haverhill, Massachusetts, US",49.82680275374228
Patient,4995ca99-2ab9-3b18-a56e-c33d29e53af0,Zane918 Schoen8,male,1950-08-27,2013-01-09T01:59:19+00:00,M,White,Not Hispanic or Latino,Gwen761 Veum823,563 Bechtelar Wall Suite 1,Barnstable,MA,US,English,555-606-8142,"Haverhill, Massachusetts, US",60.531412936858665
